,codigo_postal,localidad,province
0,1601,ISLA MARTIN GARCIA,Not Found
1,1602,FLORIDA,Buenos Aires
2,1603,VILLA MARTELLI,Not Found
3,1605,CARAPACHAY,Buenos Aires
4,1607,VILLA ADELINA,Not Found
5,1609,BOULOGNE,Not Found
6,1611,DON TORCUATO,Not Found
7,1612,INGENIERO ADOLFO SOURDEAUX,Not Found
8,1613,LOS POLVORINES,Buenos Aires
9,1614,VILLA DE MAYO,Not Found
10,1615,GRAND BOURG,Not Found
11,1617,EL TALAR,Buenos Aires
12,1618,RICARDO ROJAS,Buenos Aires
13,1619,GARIN,Buenos Aires
14,1621,BENAVIDEZ,Not Found
15,1623,BARRIO GARIN NORTE,Buenos Aires
16,1625,ARROYO CANELON,Buenos Aires
17,1627,MATHEU,Buenos Aires
18,1629,ALMIRANTE IRIZAR,Buenos Aires
19,1631,VILLA ROSA,Not Found
20,1633,EMPALME,Buenos Aires
21,1635,KILOMETRO 45,Buenos Aires
22,1636,LA LUCILA,Buenos Aires
23,1638,VICENTE LOPEZ,Not Found
24,1640,ACASSUSO,Buenos Aires
25,1642,SAN ISIDRO,Not Found
26,1643,BECCAR,Not Found
27,1644,VICTORIA,Not Found
28,1646,SAN FERNANDO,Buenos Aires
29,1647,ZONA DELTA SAN FERNANDO,Entre Ríos
30,1648,RINCON DE MILBERG,Buenos Aires
31,1649,ZONA DELTA TIGRE,Not Found
32,1650,GENERAL SAN MARTIN,Not Found
33,1651,SAN ANDRES,Not Found
34,1653,VILLA BALLESTER,Not Found
35,1655,JOSE LEON SUAREZ,Not Found
36,1657,11 DE SEPTIEMBRE,Buenos Aires
37,1659,CAMPO DE MAYO,Not Found
38,1661,BELLA VISTA,Not Found
39,1663,MUÑIZ,Buenos Aires
40,1664,TRUJUI,Not Found
41,1665,JOSE CLEMENTE PAZ,Not Found
42,1667,MANUEL ALBERTI,Buenos Aires
43,1669,DEL VISO,Not Found
44,1670,NORDELTA,Not Found
45,1672,VILLA LYNCH,Not Found
46,1674,VILLA RAFFO,Buenos Aires
47,1676,SANTOS LUGARES,Not Found
48,1678,CASEROS,Not Found
49,1682,MARTIN CORONADO,Buenos Aires
50,1684,CIUDAD JARDIN DEL PALOMAR,Buenos Aires
51,1686,HURLINGHAM,Buenos Aires
52,1688,VILLA SANTOS TESEI,Not Found
53,1702,CIUDADELA,Buenos Aires
54,1704,RAMOS MEJIA,Not Found
55,1706,HAEDO,Buenos Aires
56,1708,MORON,Not Found
57,1712,CASTELAR,Not Found
58,1713,BARRIO PARQUE LELOIR,Buenos Aires
59,1714,ITUZAINGO,Not Found
60,1716,LIBERTAD,Not Found
61,1718,SAN ANTONIO DE PADUA,Not Found
62,1722,MERLO,Buenos Aires
63,1723,MARIANO ACOSTA,Not Found
64,1727,B LOS AROMOS SAN PATRICIO,Buenos Aires
65,1731,VILLARS,Not Found
66,1733,PLOMER,Not Found
67,1735,EL DURAZNO,Not Found
68,1737,KILOMETRO 77,Buenos Aires
69,1739,GENERAL HORNOS,Buenos Aires
70,1741,ENRIQUE FYNN,Buenos Aires
71,1742,PASO DEL REY,Not Found
72,1744,CUARTEL V,Buenos Aires
73,1746,FRANCISCO ALVAREZ,Not Found
74,1748,GENERAL RODRIGUEZ,Buenos Aires
75,1752,LOMAS DEL MIRADOR,Not Found
76,1754,SAN JUSTO,Buenos Aires
77,1755,RAFAEL CASTILLO,Not Found
78,1757,GREGORIO DE LAFERRERE,Not Found
79,1759,GONZALEZ CATAN,Not Found
80,1761,20 DE JUNIO,Buenos Aires
81,1763,VIRREY DEL PINO,Not Found
82,1765,ISIDRO CASANOVA,Not Found
83,1766,TABLADA,Not Found
84,1768,CIUDAD MADERO,Not Found
85,1770,ALDO BONZI,Buenos Aires
86,1771,MERCADO CENTRAL,Not Found
87,1774,LA SALADA,Not Found
88,1776,9 DE ABRIL,Not Found
89,1778,CIUDAD EVITA,Not Found
90,1802,AEROPUERTO EZEIZA,Not Found
91,1804,CANNING,Buenos Aires
92,1806,TRISTAN SUAREZ,Not Found
93,1808,ALEJANDRO PETION,Buenos Aires
94,1812,CARLOS SPEGAZZINI,Buenos Aires
95,1814,BARRIO 1 DE MAYO,Buenos Aires
96,1815,ESCUELA AGRICOLA DON BOSCO,Buenos Aires
97,1816,COLONIA SANTA ROSA,Buenos Aires
98,1822,VALENTIN ALSINA,Not Found
99,1824,GERLI,Buenos Aires
100,1825,MONTE CHINGOLO,Not Found
101,1826,REMEDIOS DE ESCALADA,Not Found
102,1828,BANFIELD,Buenos Aires
103,1832,LOMAS DE ZAMORA,Not Found
104,1834,TEMPERLEY,Buenos Aires
105,1836,LLAVALLOL,Not Found
106,1838,LUIS GUILLON,Not Found
107,1842,EL JAGUEL,Buenos Aires
108,1846,ADROGUE,Buenos Aires
109,1847,RAFAEL CALZADA,Not Found
110,1849,CLAYPOLE,Not Found
111,1852,BURZACO,Buenos Aires
112,1854,LONGCHAMPS,Not Found
113,1856,GLEW,Not Found
114,1858,VILLA NUMANCIA,Not Found
115,1862,AMERICA UNIDA,Buenos Aires
116,1864,ALEJANDRO KORN,Not Found
117,1865,EL PAMPERO,Buenos Aires
118,1870,AVELLANEDA,Buenos Aires
119,1871,DOCK SUD,Not Found
120,1872,SARANDI,Not Found
121,1874,VILLA DOMINICO,Not Found
122,1875,WILDE,Not Found
123,1876,BERNAL ESTE,Buenos Aires
124,1878,QUILMES,Not Found
125,1879,QUILMES OESTE,Not Found
126,1881,SAN FRANCISCO SOLANO,Buenos Aires
127,1882,EZPELETA ESTE,Buenos Aires
128,1884,BERAZATEGUI,Buenos Aires
129,1885,GUILLERMO E HUDSON,Buenos Aires
130,1886,RANELAGH,Not Found
131,1888,FLORENCIO VARELA,Buenos Aires
132,1889,BOSQUES,Not Found
133,1890,JUAN MARIA GUTIERREZ,Not Found
134,1891,INGENIERO ALLAN,Not Found
135,1893,CENTRO AGRICOLA EL PATO,Not Found
136,1894,JUAN VUCETICH EX DR R LEVENE,Buenos Aires
137,1895,ARTURO SEGUI,Buenos Aires
138,1896,CAMINO CENTENARIO KM 11500,Buenos Aires
139,1897,MANUEL B GONNET,Not Found
140,1900,LA PLATA,Not Found
141,1901,ESTACION MORENO,Buenos Aires
142,1903,ABASTO,Buenos Aires
143,1905,JOSE FERRARI,Buenos Aires
144,1907,EL PINO,Buenos Aires
145,1909,ARANA,Buenos Aires
146,1911,BME BAVIO GRAL MANSILLA,Buenos Aires
147,1913,ATALAYA,Buenos Aires
148,1915,ARBUCO,Buenos Aires
149,1917,LUIS CHICO,Buenos Aires
150,1919,BASE AERONAVAL PUNTA INDIO,Not Found
151,1921,ALVAREZ JONTE,Buenos Aires
152,1923,ARROYO DEL PESCADO,Buenos Aires
153,1925,DESTILERIA FISCAL,Buenos Aires
154,1927,ESC NAV MILITAR RIO SANT,Not Found
155,1929,BASE NAVAL RIO SANTIAGO,Buenos Aires
156,1931,PUNTA LARA,Not Found
157,1980,BARRIO LA DOLLY,Buenos Aires
158,1981,DESVIO KILOMETRO 55,Buenos Aires
159,1983,GOMEZ,Buenos Aires
160,1984,DOMSELAAR,Not Found
161,1986,ALTAMIRANO,Buenos Aires
162,1987,ALEGRE,Buenos Aires
163,2000,VILLA ANGELICA,Santa Fé
164,2101,ALBARELLOS,Santa Fé
165,2103,COLONIA ESCRIBANO,Santa Fé
166,2105,CAÑADA RICA,Santa Fé
167,2107,ALVAREZ,Santa Fé
168,2109,ACEBAL,Santa Fé
169,2111,FRANCISCO PAZ,Santa Fé
170,2113,PEYRANO,Not Found
171,2115,COLONIA VALDEZ,Santa Fé
172,2117,ALCORTA,Santa Fé
173,2119,ARMINDA,Santa Fé
174,2121,PEREZ,Santa Fé
175,2123,CAMPO CALVO,Santa Fé
176,2124,22 DE MAYO,Santa Fé
177,2126,ALVEAR,Santa Fé
178,2128,ARROYO SECO,Not Found
179,2132,AERO CLUB ROSARIO,Santa Fé
180,2134,ROLDAN,Not Found
181,2136,SAN GERONIMO,Santa Fé
182,2138,CARCARAÑA,Santa Fé
183,2142,CAMPO MEDINA,Santa Fé
184,2144,CAMPO HORQUESCO,Santa Fé
185,2146,CLASON,Santa Fé
186,2147,SAN GENARO NORTE,Santa Fé
187,2148,CAMPO CASTRO,Santa Fé
188,2152,GRANADERO BAIGORRIA,Santa Fé
189,2154,CAPITAN BERMUDEZ,Santa Fé
190,2156,ARSENAL DE GUERRA SAN LORENZO,Santa Fé
191,2170,CANDELARIA SUD,Santa Fé
192,2173,CAMPO PESOA,Santa Fé
193,2175,BARLETT,Santa Fé
194,2177,BIGAND,Not Found
195,2179,BOMBAL,Not Found
196,2181,LOS MOLINOS,Not Found
197,2183,AREQUITO,Santa Fé
198,2185,CAMPO CRENNA,Santa Fé
199,2187,ARTEAGA,Santa Fé
200,2200,LAS QUINTAS,Santa Fé
201,2201,RICARDONE,Not Found
202,2202,CERANA,Santa Fé
203,2204,JESUS MARIA,Santa Fé
204,2206,CAMPO PALETTA,Santa Fé
205,2208,GABOTO,Santa Fé
206,2212,CAMPO GALLOSO,Santa Fé
207,2214,ALDAO,Santa Fé
208,2216,CAMPO RAFFO,Santa Fé
209,2218,CARRIZALES,Santa Fé
210,2222,DIAZ,Not Found
211,2240,CAMPO GARCIA,Santa Fé
212,2241,LARRECHEA,Not Found
213,2242,ARIJON,Santa Fé
214,2246,BARRANCAS,Santa Fé
215,2248,BERNARDO DE IRIGOYEN,Santa Fé
216,2252,COLONIA CAMPO PIAGGIO,Santa Fé
217,2253,CAMPO GIMENEZ,Santa Fé
218,2255,CAMPO RODRIGUEZ,Santa Fé
219,2257,COLONIA BELGRANO,Santa Fé
220,2258,CAMPO QUIÑONES,Santa Fé
221,2300,COLONIA BELLA ITALIA,Santa Fé
222,2301,BELLA ITALIA,Santa Fé
223,2303,ANGELICA,Santa Fé
224,2305,LEHMANN,Not Found
225,2307,ATALIVA,Santa Fé
226,2309,COLONIA REINA MARGARITA,Santa Fé
227,2311,ADOLFO ALSINA,Santa Fé
228,2313,COLONIA BERLIN,Santa Fé
229,2315,ESTACION SAGUIER,Not Found
230,2317,CASABLANCA,Santa Fé
231,2318,AURELIA,Santa Fé
232,2322,CABAÑA EL CISNE,Santa Fé
233,2324,COLONIA TACURALES,Santa Fé
234,2326,BEALISTOCK,Santa Fé
235,2340,CERES,Santa Fé
236,2341,COLONIA MONTEFIORE,Córdoba
237,2342,CAMPO EL MATACO,Santa Fé
238,2344,ACHAVAL RODRIGUEZ,Santa Fé
239,2345,CAMPO BOTTO,Santa Fé
240,2347,COLONIA MACKINLAY,Santa Fé
241,2349,COLONIA DOS ROSAS Y LA LEGUA,Córdoba
242,2352,AMBROSETTI,Santa Fé
243,2400,VILLANI,Córdoba
244,2401,CASTELAR,Santa Fé
245,2403,BAUER Y SIGEL,Santa Fé
246,2405,COLONIA CELLO,Santa Fé
247,2407,CAMPO CLUCELLAS,Santa Fé
248,2409,ESTRADA,Santa Fé
249,2415,DESVIO BOERO,Córdoba
250,2438,FRONTERA,Santa Fé
251,2440,BARRIO BELGRANO ORTIZ,Santa Fé
252,2441,CRISPI,Not Found
253,2443,COLONIA MARGARITA,Santa Fé
254,2445,CRISTOLIA,Santa Fé
255,2447,LOS SEMBRADOS,Santa Fé
256,2449,AVENA,Santa Fé
257,2451,COLONIA LA YERBA,Santa Fé
258,2453,CARLOS PELLEGRINI,Not Found
259,2454,CAÑADA ROSQUIN,Santa Fé
260,2456,ESMERALDA,Santa Fé
261,2500,CAÑADA DE GOMEZ,Santa Fé
262,2501,BERRETTA,Santa Fé
263,2503,VILLA ELOISA,Not Found
264,2505,CAMPO LA RIVIERE,Santa Fé
265,2506,CORREA,Santa Fé
266,2508,ARMSTRONG,Santa Fé
267,2512,CAMPO CHARO,Santa Fé
268,2520,LA CALIFORNIA,Santa Fé
269,2521,ITURRASPE,Santa Fé
270,2523,BOUQUET,Not Found
271,2527,COLONIA SAN FRANCISCO,Santa Fé
272,2529,PIAMONTE,Not Found
273,2531,LANDETA,Not Found
274,2533,LOS CARDOS,Not Found
275,2535,EL TREBOL,Santa Fé
276,2600,BOCA P 25,Santa Fé
277,2601,LA CHISPA,Santa Fé
278,2603,CHAPUY,Not Found
279,2605,OTTO BEMBERG,Santa Fé
280,2607,CAMPO QUIRNO,Santa Fé
281,2609,COLONIA MORGAN,Santa Fé
282,2611,ESTACION CHRISTOPHERSEN,Santa Fé
283,2613,LA MOROCHA,Santa Fé
284,2615,LA GAMA,Santa Fé
285,2617,SANCTI SPIRITU,Not Found
286,2618,CARMEN,Not Found
287,2622,MAGGIOLO,Not Found
288,2630,FIRMAT,Santa Fé
289,2631,CORA,Santa Fé
290,2633,CHOVET,Not Found
291,2635,CAÑADA DEL UCLE,Santa Fé
292,2637,COLONIA HANSEN,Santa Fé
293,2639,BERABEVU,Santa Fé
294,2643,CAFFERATA,Santa Fé
295,2700,BARRIO TROCHA,Buenos Aires
296,2701,12 DE AGOSTO,Buenos Aires
297,2703,CABO SAN FERMIN,Buenos Aires
298,2705,HARAS SAN JACINTO,Buenos Aires
299,2707,4 DE NOVIEMBRE,Buenos Aires
300,2709,LOS INDIOS,Buenos Aires
301,2711,ALMACEN PIATTI,Buenos Aires
302,2713,MANUEL OCAMPO,Not Found
303,2715,EL SOCORRO,Buenos Aires
304,2717,ACEVEDO,Buenos Aires
305,2718,LIERRA ADJEMIRO,Buenos Aires
306,2720,COLON,Santa Fé
307,2721,EL ARBOLITO,Buenos Aires
308,2722,WHEELWRIGHT,Not Found
309,2723,ESTANCIA LAS GAMAS,Santa Fé
310,2725,HUGHES,Santa Fé
311,2726,LABORDEBOY,Santa Fé
312,2728,MELINCUE,Santa Fé
313,2729,CARRERAS,Not Found
314,2732,4 DE FEBRERO,Santa Fé
315,2740,ALMACEN LA COLINA,Buenos Aires
316,2741,EL RETIRO,Buenos Aires
317,2743,ARROYO DULCE,Buenos Aires
318,2745,GAHAN,Buenos Aires
319,2747,CORONEL ISLEÑOS,Buenos Aires
320,2751,ALMACEN CASTRO,Buenos Aires
321,2752,ALMACEN EL DESCANSO,Buenos Aires
322,2754,CAMPO CRISOL,Buenos Aires
323,2760,COLONIA LOS TRES USARIS,Buenos Aires
324,2761,ESTANCIA SANTA CATALINA,Buenos Aires
325,2763,FLAMENCO,Buenos Aires
326,2764,CAMPO LA NENA,Buenos Aires
327,2800,ARROYO AGUILA NEGRA,Buenos Aires
328,2801,ALTO VERDE,Buenos Aires
329,2802,LOMAS DEL RIO LUJAN,Buenos Aires
330,2804,CAMPANA,Buenos Aires
331,2805,ARROYO ALELI,Buenos Aires
332,2806,LAS PALMAS,Buenos Aires
333,2808,ATUCHA,Not Found
334,2812,CAPILLA DEL SEÑOR,Buenos Aires
335,2813,ARROYO DE LA CRUZ,Not Found
336,2814,ALTO LOS CARDALES,Buenos Aires
337,2820,COLONIA EL POTRERO,Entre Ríos
338,2821,ARROYO DEL CURA,Entre Ríos
339,2823,AERO CLUB CANAL,Entre Ríos
340,2824,BRITOS,Entre Ríos
341,2826,ALDEA SAN ANTONIO,Entre Ríos
342,2828,COLONIA NUEVA MONTEVIDEO,Entre Ríos
343,2840,ALBARDON,Entre Ríos
344,2841,ALDEA ASUNCION,Entre Ríos
345,2843,GENERAL GALARZA,Entre Ríos
346,2845,COLONIA DUPORTAL,Entre Ríos
347,2846,ANAHI,Entre Ríos
348,2848,BERISSO,Entre Ríos
349,2852,ALARCON,Entre Ríos
350,2854,DOS HERMANAS,Entre Ríos
351,2900,SAN NICOLAS DE LOS ARROYOS,Not Found
352,2903,EREZCANO,Not Found
353,2905,GENERAL ROJO,Not Found
354,2907,GENERAL CONESA,Buenos Aires
355,2909,ESTANCIAS,Buenos Aires
356,2912,LA QUERENCIA,Buenos Aires
357,2914,COSTA BRAVA,Buenos Aires
358,2915,AGUIRREZABALA,Buenos Aires
359,2916,EL JUPITER,Buenos Aires
360,2918,EMPALME VILLA CONSTITUCION,Santa Fé
361,2919,COPACABANA,Santa Fé
362,2921,GODOY,Santa Fé
363,2930,LA BUANA MOZA,Buenos Aires
364,2931,ISLA LOS LAURELES,Buenos Aires
365,2933,COLONIA VELEZ,Buenos Aires
366,2935,ALGARROBO,Buenos Aires
367,2938,ALSINA,Not Found
368,2942,BARADERO,Buenos Aires
369,2943,IRENEO PORTELA,Not Found
370,2944,RIO TALA,Buenos Aires
371,2946,EL ESPINILLO,Buenos Aires
372,3000,BARRANQUITAS,Santa Fé
373,3001,ALTO VERDE,Santa Fé
374,3003,COLONIA LOS ZAPALLOS,Santa Fé
375,3005,COLONIA CALIFORNIA,Santa Fé
376,3007,EMPALME SAN CARLOS,Not Found
377,3009,EL TROPEZON,Santa Fé
378,3011,CAMPO MAGNIN,Santa Fé
379,3013,COLONIA MATILDE,Santa Fé
380,3014,ANGEL GALLARDO,Santa Fé
381,3016,SAN JOSE,Santa Fé
382,3017,BAJO LAS TUNAS,Santa Fé
383,3018,CANDIOTI,Santa Fé
384,3020,CAMPO SANTO DOMINGO,Santa Fé
385,3021,CAMPO ANDINO,Santa Fé
386,3023,CULULU,Santa Fé
387,3025,COLONIA CLARA,Santa Fé
388,3027,LA PELADA,Not Found
389,3029,COLONIA ADOLFO ALSINA,Santa Fé
390,3032,NELSON,Not Found
391,3036,AROMOS,Santa Fé
392,3038,CAYASTACITO,Santa Fé
393,3040,ASUNCION MARIA,Santa Fé
394,3041,CACIQUE ARIACAIQUIN,Santa Fé
395,3042,ABIPONES,Santa Fé
396,3044,GOBERNADOR CRESPO,Not Found
397,3045,CAMPO ZAVALLA,Santa Fé
398,3046,ARRASCAETA,Santa Fé
399,3048,ANGELONI,Santa Fé
400,3050,CALCHAQUI,Santa Fé
401,3051,ALEJANDRA,Santa Fé
402,3052,CAÑADITA,Santa Fé
403,3054,COLONIA LA NEGRA,Santa Fé
404,3056,CAMPO COUBERT,Santa Fé
405,3057,ESTANCIA LAS GAMAS,Santa Fé
406,3060,CAMPO SAN JOSE,Santa Fé
407,3061,ANTONIO PINI,Santa Fé
408,3066,CAMPO GARAY,Santa Fé
409,3070,DHO,Santa Fé
410,3071,AGUARA GRANDE,Santa Fé
411,3072,LA LUCILA,Santa Fé
412,3074,COLONIA EL SIMBOL,Santa Fé
413,3076,HUANQUEROS,Santa Fé
414,3080,COLONIA PUJOL,Santa Fé
415,3081,CAVOUR,Santa Fé
416,3083,GRUTLY,Santa Fé
417,3085,PILAR,Not Found
418,3087,FELICIA,Santa Fé
419,3100,AVENIDA EJERCITO PARANA,Entre Ríos
420,3101,ALDEA BRASILERA,Entre Ríos
421,3103,ALDEA SANTAFECINA,Entre Ríos
422,3105,DIAMANTE,Entre Ríos
423,3107,COLONIA AVELLANEDA,Entre Ríos
424,3109,COLONIA CENTENARIO,Entre Ríos
425,3111,ALMACEN CRISTIAN SCHUBERT,Entre Ríos
426,3112,COLONIA LOMA NEGRA,Not Found
427,3113,COLONIA CELINA,Entre Ríos
428,3114,ALDEA MARIA LUISA,Entre Ríos
429,3116,ALDEA CHALECO,Entre Ríos
430,3117,ALDEA SAN ANTONIO,Entre Ríos
431,3118,CENTRO COMUNITARIO CNIA NUE,Entre Ríos
432,3122,ARROYO CORRALITO,Entre Ríos
433,3123,ALDEA SANTA MARIA,Entre Ríos
434,3125,ANTONIO TOMAS,Entre Ríos
435,3127,ALCETE,Entre Ríos
436,3128,COLONIA BERRO,Not Found
437,3129,COLONIA HERNANDARIAS,Entre Ríos
438,3132,EL PINGO,Entre Ríos
439,3133,ARROYO BURGOS,Entre Ríos
440,3134,ANTONIO TOMAS SUD,Entre Ríos
441,3136,ALCARAZ NORTE,Entre Ríos
442,3137,ALCARAZ SUD,Entre Ríos
443,3138,ALCARAZ 2DO,Entre Ríos
444,3142,ALCARACITO,Entre Ríos
445,3144,ALCARAZ 1RO,Entre Ríos
446,3150,ALGARROBITOS 1RO,Entre Ríos
447,3151,ANTELO,Entre Ríos
448,3153,KILMETRO 165,Entre Ríos
449,3155,COSTA DEL NOGOYA,Entre Ríos
450,3156,BETBEDER,Entre Ríos
451,3158,20 DE SEPTIEMBRE,Entre Ríos
452,3162,ARANGUREN,Entre Ríos
453,3164,COLONIA RIVAS,Entre Ríos
454,3170,ALBERTO GERCHUNOFF,Entre Ríos
455,3172,KILOMETRO 208,Entre Ríos
456,3174,ALTAMIRANO SUD,Entre Ríos
457,3176,ESTACION SOLA,Entre Ríos
458,3177,ALTAMIRANO NORTE,Entre Ríos
459,3180,DIEGO LOPEZ,Entre Ríos
460,3181,ARROYO MOREIRA,Entre Ríos
461,3183,ALBARIÑO,Entre Ríos
462,3185,COLONIA LA MARTA,Corrientes
463,3187,ATENCIO,Entre Ríos
464,3188,COLONIA FALCO,Entre Ríos
465,3190,ARROYO HONDO,Entre Ríos
466,3191,ARROYO CEIBO,Entre Ríos
467,3192,COLONIA BERTOZZI,Entre Ríos
468,3194,PASO TELEGRAFO,Corrientes
469,3196,ARROYO VEGA,Corrientes
470,3197,ABRA GUAZU,Corrientes
471,3199,LOS LAURELES,Corrientes
472,3200,COLONIA LOS SAUCES,Entre Ríos
473,3201,CAMBA PASO,Entre Ríos
474,3203,ARROYO GRANDE,Entre Ríos
475,3204,AYUI PARADA,Entre Ríos
476,3206,BELLA UNION PARAJE,Entre Ríos
477,3208,COLONIA ENSANCHE SAUCE,Entre Ríos
478,3212,ARROYO EL MOCHO,Entre Ríos
479,3214,ESTACION YERUA,Entre Ríos
480,3216,ARROYO HONDO,Entre Ríos
481,3218,ARROYO PALMAR,Entre Ríos
482,3220,ARROYO MANGANGA,Corrientes
483,3222,BUEN RETIRO,Corrientes
484,3224,LA BLANQUEADA,Corrientes
485,3226,BUENA VISTA,Corrientes
486,3228,CABI MONDA,Entre Ríos
487,3229,COLONIA FREITAS,Entre Ríos
488,3230,ARBOL SOLO,Corrientes
489,3231,COLONIA AROCENA INA,Corrientes
490,3232,CABRED,Corrientes
491,3234,BONPLAND,Corrientes
492,3240,COLONIA EGIDO,Entre Ríos
493,3241,CAMPO DE VILLAMIL,Entre Ríos
494,3244,COLONIA BELGA AMERICANA,Entre Ríos
495,3246,ACHIRAS,Entre Ríos
496,3248,CARAGUATA,Entre Ríos
497,3252,ALDEA SAN JORGE,Entre Ríos
498,3254,COLONIA LA BLANQUITA,Entre Ríos
499,3260,ARROYO MOLINO,Entre Ríos
500,3261,CENTELLA,Entre Ríos
501,3262,CASEROS,Entre Ríos
502,3263,1 DE MAYO,Entre Ríos
503,3265,ARROYO CARABALLO,Entre Ríos
504,3267,CAÑADA DE LAS OVEJAS,Entre Ríos
505,3269,ARROYO BARU,Entre Ríos
506,3272,COLONIA 1 DE MAYO,Entre Ríos
507,3280,ARROYO URQUIZA,Entre Ríos
508,3281,CALERA,Entre Ríos
509,3283,COLONIA MABRAGAÑA,Entre Ríos
510,3285,BERDUC,Entre Ríos
511,3287,ALDEA SAN GREGORIO,Entre Ríos
512,3300,ARROYO,Misiones
513,3302,AGUARA CUA,Corrientes
514,3304,BARRIO DON SANTIAGO,Misiones
515,3306,CENTINELA,Corrientes
516,3308,CANDELARIA,Misiones
517,3309,ARROYO TOMAS,Misiones
518,3311,ARROYO ISABEL,Misiones
519,3313,ARROYO DEL MEDIO,Misiones
520,3315,CAA YARI,Misiones
521,3316,ARROYO PASTORA,Misiones
522,3317,ARROYO MAGDALENA,Misiones
523,3318,BONPLAND NORTE,Misiones
524,3322,APARICIO CUE,Misiones
525,3324,GOBERNADOR ROCA,Misiones
526,3326,COLONIA LEIVA,Misiones
527,3327,COLONIA ROCA,Misiones
528,3328,COLONIA JAPONESA,Misiones
529,3332,CAPIOVI,Misiones
530,3334,3 DE MAYO,Misiones
531,3337,ADOLFO J POMAR,Misiones
532,3338,17 DE AGOSTO,Misiones
533,3340,BOQUERON,Corrientes
534,3342,AGUAPEY,Corrientes
535,3344,2 DE JULIO,Corrientes
536,3346,BACACAY,Corrientes
537,3350,APOSTOLES,Misiones
538,3351,AZARA,Misiones
539,3353,ARROYO SANTA MARIA,Misiones
540,3355,ARRECHEA,Misiones
541,3357,BARRA BONITA,Misiones
542,3358,CHEROGUITA,Misiones
543,3360,ARROYO FEDOR,Misiones
544,3361,ACARAGUA,Misiones
545,3362,1 DE MAYO,Misiones
546,3363,25 DE MAYO,Misiones
547,3364,2 DE MAYO,Misiones
548,3366,ALMIRANTE BROWN,Misiones
549,3370,PLANCHADA BANDERITA,Misiones
550,3371,CABURE,Not Found
551,3372,CATARATAS DEL IGUAZU,Not Found
552,3374,EL PORVENIR,Misiones
553,3376,GOBERNADOR LANUSSE,Misiones
554,3378,22 DE DICIEMBRE,Misiones
555,3380,9 DE JULIO KILOMETRO 20,Misiones
556,3381,MARIA MAGDALENA,Misiones
557,3382,COLONIA CUNCI,Misiones
558,3384,BARRANCON,Misiones
559,3386,CARAGUATAY,Misiones
560,3400,BAÑADO NORTE,Corrientes
561,3401,ARROYO PELON,Corrientes
562,3403,AGUIRRE CUE,Corrientes
563,3405,ALGARROBAL PUISOYE,Corrientes
564,3407,AGUAY,Corrientes
565,3409,ARROYO SAN JUAN,Corrientes
566,3412,ALBARDON,Corrientes
567,3414,ABRA,Corrientes
568,3416,ARROYO CEIBAL,Corrientes
569,3418,BARTOLOME MITRE,Corrientes
570,3420,ACUÑA CUE,Corrientes
571,3421,BAJO GUAZU,Corrientes
572,3423,ARAÑITA,Corrientes
573,3425,COSTA GRANDE,Corrientes
574,3427,ABRA,Corrientes
575,3428,ESTACION SALADAS,Corrientes
576,3432,BELLA VISTA,Corrientes
577,3433,CARRIZAL NORTE,Corrientes
578,3440,BARRIO VILLA CORDOBA,Corrientes
579,3441,ALGARROBO,Corrientes
580,3443,COLONIA MENDEZ BAR,Corrientes
581,3445,9 DE JULIO,Corrientes
582,3446,KILOMETRO 374,Corrientes
583,3448,ALAMO,Corrientes
584,3449,BOLICHE LATA,Corrientes
585,3450,8 DE DICIEMBRE,Corrientes
586,3451,BATELITO,Corrientes
587,3453,IFRAN,Corrientes
588,3454,BAÑADO SAN ANTONIO,Corrientes
589,3460,ARROYO CASTILLO,Corrientes
590,3461,ABO NEZU,Corrientes
591,3463,ARISTIA,Corrientes
592,3465,ARROYO CASCO,Corrientes
593,3466,ABALO,Corrientes
594,3470,ARROYO GRANDE,Corrientes
595,3471,ALEN CUE,Corrientes
596,3472,CAAGUAZU,Corrientes
597,3474,CHAVARRIA,Corrientes
598,3476,EL REMANSO,Corrientes
599,3480,ALGARROBAL,Corrientes
600,3481,ANGOSTURA,Corrientes
601,3483,ARROYO BALMACEDA,Corrientes
602,3485,CARANDAITI,Corrientes
603,3486,VILLA OLIVARI,Not Found
604,3487,PUESTO DE ISLA,Not Found
605,3500,COLONIA FLORENCIA,Chaco
606,3501,CAMPO DE GALNASI,Chaco
607,3503,BARRANQUERAS,Chaco
608,3505,ARROYO QUINTANA,Chaco
609,3507,LA EDUVIGIS,Chaco
610,3509,CAMPO EL BERMEJO,Chaco
611,3511,COLONIA CORONEL DORREGO,Chaco
612,3513,ARBOL SOLO,Chaco
613,3514,CACUI,Chaco
614,3515,CAPITAN SOLARI,Chaco
615,3516,BASAIL,Chaco
616,3518,CABRAL CUE,Chaco
617,3522,EL RETIRO,Chaco
618,3524,EL CAMPAMENTO,Chaco
619,3526,GANDOLFI,Formosa
620,3530,ALDEA FORESTAL,Chaco
621,3531,COLONIA ABORIGEN,Chaco
622,3532,CURANDU,Chaco
623,3534,COLONIA EL AGUARA,Chaco
624,3536,BOCAS,Chaco
625,3540,AVANZADA,Chaco
626,3541,CAMPO LAS PUERTAS,Chaco
627,3543,COLONIA LOTE 12,Chaco
628,3545,KILOMETRO 525,Chaco
629,3550,ALLENDE,Santa Fé
630,3551,CAMPO MONTE LA VIRUELA,Santa Fé
631,3553,COLONIA DURAN,Santa Fé
632,3555,CAMPO HUBER,Santa Fé
633,3557,CARAGUATAY,Not Found
634,3560,CAMPO UBAJO,Santa Fé
635,3561,AVELLANEDA,Santa Fé
636,3563,COLONIA SAN MANUEL,Santa Fé
637,3565,ARROYO DEL REY,Santa Fé
638,3567,DEST AERONAUTICO MILIT RECONQU,Santa Fé
639,3569,BARROS PAZOS,Santa Fé
640,3572,CAMPO GARABATO,Santa Fé
641,3574,CAPILLA GUADALUPE NORTE,Santa Fé
642,3575,ARROYO CEIBAL,Santa Fé
643,3580,KILOMETRO 408,Santa Fé
644,3581,CAMPO REDONDO,Santa Fé
645,3583,ISLA TIGRE,Santa Fé
646,3585,EL SOMBRERITO,Santa Fé
647,3586,CAMPO YAGUARETE,Santa Fé
648,3587,SAN ANTONIO DE OBLIGADO,Santa Fé
649,3589,KILOMETRO 23,Santa Fé
650,3592,COLONIA HARDY,Santa Fé
651,3620,KILOMETRO 184,Formosa
652,3621,POZO NAVAGAN,Formosa
653,3641,ARROYO SECO,Not Found
654,3700,BARRIO GRAL JOSE DE SAN MARTIN,Chaco
655,3701,ALMIRANTE BROWN,Chaco
656,3703,ALELOY,Chaco
657,3705,10 DE MAYO,Chaco
658,3706,AVIA TERAI,Chaco
659,3708,CONCEPCION DEL BERMEJO,Chaco
660,3712,LOS FRENTONES,Santiago del Estero
661,3714,9 DE JULIO,Chaco
662,3716,CAMPO LARGO,Chaco
663,3718,AMAMBAY,Chaco
664,3722,2 DE MAYO,Chaco
665,3730,CABRAL,Chaco
666,3731,MESON DE FIERRO,Santiago del Estero
667,3732,COLONIA ABATE,Chaco
668,3733,CAMPO EL JACARANDA,Chaco
669,3734,CAMPO MORENO,Chaco
670,4000,ESTACION DE ZOOTECNIA B,Tucumán
671,4101,AGUA NEGRA,Tucumán
672,4103,BAJO DE RACO,Tucumán
673,4105,ABRA DEL TAFI,Tucumán
674,4107,ACONQUIJA,Tucumán
675,4109,ALTO NUESTRA SEÑORA DEL VALLE,Tucumán
676,4111,AGUADA,Tucumán
677,4113,ACOSTILLA,Tucumán
678,4115,AGUA AZUL,Tucumán
679,4117,ALABAMA,Tucumán
680,4119,AGUA COLORADA,Tucumán
681,4122,ALIZAL,Tucumán
682,4124,ABRA EL CANDADO,Tucumán
683,4126,EL BRETE,Salta
684,4128,EL CARMEN,Tucumán
685,4129,CAÑADA,Tucumán
686,4132,AGUA AZUL,Tucumán
687,4133,LA BANDA,Tucumán
688,4134,ACHERAL,Tucumán
689,4135,CASPINCHANGO,Tucumán
690,4137,ABRA BAYA,Tucumán
691,4139,AGUA AMARILLA LA HOYADA,Catamarca
692,4141,FUERTE QUEMADO,Tucumán
693,4142,ALTO DE LEIVA,Tucumán
694,4143,INDEPENDENCIA,Tucumán
695,4144,AMBERES,Tucumán
696,4145,INGENIO LA PROVIDENCIA,Tucumán
697,4146,BARRIO BELGRANO,Tucumán
698,4147,ALTO LAS LECHUZAS,Tucumán
699,4149,ALPACHIRI,Tucumán
700,4151,BAJO DE LOS SUELDOS,Tucumán
701,4152,AGUILARES,Tucumán
702,4153,ALTO VERDE,Tucumán
703,4155,CEVIL GRANDE,Tucumán
704,4157,ARROYO MAL PASO,Tucumán
705,4158,CAMPO DE TALAMAYO,Tucumán
706,4159,ALTO EL PUESTO,Tucumán
707,4161,ALONGO,Tucumán
708,4162,BATIRUANA,Tucumán
709,4163,HUASA PAMPA NORTE,Tucumán
710,4164,BAJASTINE,Tucumán
711,4166,BALDERRAMA,Tucumán
712,4168,AGUA BLANCA,Tucumán
713,4172,BUENA VISTA,Tucumán
714,4174,AMPATA,Tucumán
715,4176,ALTO DEL PUESTO,Santiago del Estero
716,4178,ABRA RICA,Tucumán
717,4182,CAMPO LA FLOR LOS RALOS,Tucumán
718,4184,BUSTAMANTE,Santiago del Estero
719,4186,CAÑETE,Tucumán
720,4187,ANTA CHICA,Tucumán
721,4195,7 DE ABRIL,Tucumán
722,4230,BREA CHIMPANA,Santiago del Estero
723,4231,ALBIGASTA,Santiago del Estero
724,4234,ACHALCO,Catamarca
725,4235,ALBIGASTA,Catamarca
726,4237,CORTADERAS,Santiago del Estero
727,4242,25 DE MAYO,Tucumán
728,4411,SEY,Salta
729,4413,CATUA,Salta
730,4431,AGUAS CALIENTES,Not Found
731,4434,ANTA,Salta
732,4500,ALTO DEL SALADILLO,Jujuy
733,4501,ABRA DEL TRIGO,Jujuy
734,4503,ARRAYANAL,Jujuy
735,4504,23 DE AGOSTO,Jujuy
736,4506,ALEGRIA,Jujuy
737,4512,AGUA NEGRA,Jujuy
738,4513,ALTO CALILEGUA,Jujuy
739,4514,CALILEGUA,Jujuy
740,4516,CAIMANCITO,Jujuy
741,4518,AGUAS CALIENTES,Jujuy
742,4522,ALTO DEL SALADILLO,Jujuy
743,4542,EL PALMAR DE SAN FRANCISCO,Jujuy
744,4561,LA CHINACA,Salta
745,4600,ALGARROBAL,Jujuy
746,4601,CORRAL DE PIEDRAS,Jujuy
747,4603,CATAMONTAÑA,Jujuy
748,4605,ALISOS  DE ABAJO,Jujuy
749,4606,COLONIA LOS LAPACHOS,Jujuy
750,4608,ALTO VERDE,Jujuy
751,4612,CARAHUNCO,Jujuy
752,4616,BARCENA,Jujuy
753,4618,ABRA DE PIVES,Jujuy
754,4622,BELLA VISTA,Jujuy
755,4624,ABRA MAYO,Jujuy
756,4626,ANGOSTO DEL PERCHEL,Jujuy
757,4630,APARZO,Jujuy
758,4631,ANTIGUO,Jujuy
759,4632,ANTUMPA,Jujuy
760,4633,SAN PEDRO DE IRUYA,Salta
761,4634,ABRALAITE,Jujuy
762,4640,ABRA PAMPA,Jujuy
763,4641,ABDON CASTRO TOLAY,Jujuy
764,4643,ANTIGUYOS,Jujuy
765,4644,CANGREJILLOS,Salta
766,4648,BARRIO LA UNION,Jujuy
767,4650,ABRA DE PEÑAS,Jujuy
768,4651,AGUA DE CASTILLA,Salta
769,4653,CASIRA,Jujuy
770,4655,CABRERIA,Jujuy
771,4700,BANDA VARELA,Catamarca
772,4701,ACOSTILLA,Catamarca
773,4705,AGUADITA,Catamarca
774,4707,CHAÑARCITO,Catamarca
775,4709,SAN JOSE DE PIEDRA BLANCA,Not Found
776,4711,AMBATO,Catamarca
777,4713,OCHO VADOS,Catamarca
778,4715,AGUA VERDE,Catamarca
779,4716,AMADORES,Catamarca
780,4718,BARRO NEGRO,Catamarca
781,4719,BALCOSNA,Catamarca
782,4722,EL DURAZNILLO,Catamarca
783,4723,ALIJILAN,Catamarca
784,4724,AGUA COLORADA,Catamarca
785,4726,CAPAYAN,Catamarca
786,4728,CHUMBICHA,Catamarca
787,4740,AGUA SALADA,Catamarca
788,4741,AGUA DE LAS PALOMAS,Catamarca
789,4743,ACONQUIJA,Catamarca
790,4750,AGUA COLORADA,Catamarca
791,4751,AGUA DE DIONISIO,Catamarca
792,4753,CORRALITO,Catamarca
793,5260,ACHERAL,Catamarca
794,5261,AGUA DEL SIMBOL,Catamarca
795,5263,EL MEDANO,Catamarca
796,5264,ANGELINA,Catamarca
797,5265,AGUA LOS MATOS,Catamarca
798,5266,CHICHAGASTA,Catamarca
799,5272,COMANDANTE LEAL,Córdoba
800,5274,ALTILLO DEL MEDIO,La Rioja
801,5275,AGUA COLORADA,La Rioja
802,5276,BALDES DE PACHECO,La Rioja
803,5300,AMILGANCHO,La Rioja
804,5301,AGUA BLANCA,La Rioja
805,5303,ANJULLON,Not Found
806,5304,EL TALA,La Rioja
807,5306,CARRIZAL,Not Found
808,5310,AIMOGASTA,La Rioja
809,5311,ARAUCO,La Rioja
810,5313,ESTACION MAZAN,La Rioja
811,5315,CALERA LA NORMA,Catamarca
812,5317,APOYACO,Catamarca
813,5319,COLPES,Catamarca
814,5321,EL POTRERO,Catamarca
815,5325,ALPASINCHE,La Rioja
816,5327,CAPIHUAS,La Rioja
817,5329,AMUSCHINA,La Rioja
818,5331,ANDALUCIA,Catamarca
819,5333,BANDA DE LUCERO,Catamarca
820,5340,AGUA GRANDE,Catamarca
821,5341,ANILLACO,Catamarca
822,5343,LAVALLE,Catamarca
823,5345,BAÑOS TERMALES,Catamarca
824,5350,EL MOLLE,La Rioja
825,5351,BANDA FLORIDA,La Rioja
826,5353,EL ZAPALLAR,La Rioja
827,5355,EL ALTILLO,La Rioja
828,5357,EL HORNO,La Rioja
829,5359,ALTO JAGUEL,La Rioja
830,5360,CHILECITO,La Rioja
831,5361,AICUÑA,La Rioja
832,5363,ANGUINAN,Not Found
833,5365,EL JUMEAL,La Rioja
834,5367,CACHIYUYAL,La Rioja
835,5369,PAGANCILLO,Not Found
836,5372,NONOGASTA,Not Found
837,5374,CATINZACO,La Rioja
838,5380,CHAMICAL,La Rioja
839,5381,BELLA VISTA,La Rioja
840,5383,AGUA COLORADA,La Rioja
841,5384,PUNTA DE LOS LLANOS,Not Found
842,5385,AGUADITA,La Rioja
843,5386,AMANA,La Rioja
844,5400,DESAMPARADOS,San Juan
845,5401,BARRIO EL TONTAL,San Juan
846,5403,BARRIALITOS,San Juan
847,5405,AGUA Y ENERGIA,San Juan
848,5407,DIQUE TOMA,San Juan
849,5409,ADAN QUIROGA,San Juan
850,5411,LA LEGUA,San Juan
851,5413,APEADERO LAS CHIMBAS,San Juan
852,5415,ANGACO NORTE,San Juan
853,5417,9 DE JULIO,San Juan
854,5419,BAÑOS DE LA LAJA,San Juan
855,5421,LA TRANCA,San Juan
856,5423,CAPITAN LAZO,San Juan
857,5424,VILLA LERGA,Not Found
858,5425,ALBARRACIN,San Juan
859,5427,APEADERO QUIROGA,San Juan
860,5429,EL ABANICO,San Juan
861,5431,APEADERO GUANACACHE,San Juan
862,5433,ESTACION LA RINCONADA,Not Found
863,5435,ALGARROBO GRANDE,San Juan
864,5436,COLONIA ZAPATA,San Juan
865,5438,ALTO DE SIERRA,San Juan
866,5439,BELGRANO,San Juan
867,5442,AMBAS PUNTILLAS,San Juan
868,5443,ALGARROBO VERDE,San Juan
869,5444,AMPACAMA,San Juan
870,5446,BALDE DE LEYES,San Juan
871,5447,AGUA CERCADA,San Juan
872,5449,AGUANGO,San Juan
873,5460,AGUA DE LA ZORRA,San Juan
874,5461,AGUADA DE LA PEÑA,San Juan
875,5463,ALTO HUACO,San Juan
876,5465,BAÑOS PISMANTA,San Juan
877,5467,ACERILLOS,San Juan
878,5470,ABRA VERDE,La Rioja
879,5471,AGUA BLANCA,La Rioja
880,5473,AGUAYO,La Rioja
881,5474,BARRANQUITAS,La Rioja
882,5475,AGUA DE LA PIEDRA,La Rioja
883,5500,CERRO ACONCAGUA,Mendoza
884,5501,CERRILLOS AL SUD,Mendoza
885,5503,PASO DE LOS ANDES,Mendoza
886,5505,CARBOMETAL,Mendoza
887,5507,BAÑOS LUNLUNTA,Mendoza
888,5509,AGRELO,Mendoza
889,5511,GENERAL GUTIERREZ,Not Found
890,5513,BARRIO JARDIN LUZURIAGA,Mendoza
891,5515,MAIPU,Not Found
892,5517,CESPEDES,Mendoza
893,5519,ALTO DE LAS ARAÑAS,Mendoza
894,5521,LOS CORREDORES,Mendoza
895,5523,BUENA NUEVA,Mendoza
896,5525,BUENA VISTA,Mendoza
897,5527,COLONIA SANTA TERESA,Mendoza
898,5529,COLONIA BOMBAL,Mendoza
899,5531,BARRIO FERRI,Mendoza
900,5533,9 DE JULIO,Mendoza
901,5535,ASUNCION,Mendoza
902,5537,ALGARROBITO,Mendoza
903,5539,ARENALES,Mendoza
904,5541,ALGARROBAL ABAJO,Mendoza
905,5543,3 DE MAYO,Mendoza
906,5544,GOBERNADOR BENEGAS,Not Found
907,5545,AGUA DE DIAZ,Mendoza
908,5547,VILLA HIPODROMO,Not Found
909,5549,AGUA DE LOS MANANTIALES,Mendoza
910,5551,ESTACION USPALLATA,Mendoza
911,5553,EMPALME FRONTERA,Mendoza
912,5555,PUENTE DEL INCA,Not Found
913,5557,CARACOLES,Mendoza
914,5560,ARROYO CLARO,Mendoza
915,5561,ANCON,Mendoza
916,5563,AGUA AMARGA,Mendoza
917,5565,CAMPO DE LOS ANDES,Mendoza
918,5567,LA CAÑADA,Mendoza
919,5569,AGUADA,Mendoza
920,5570,ALTO DEL SALVADOR,Mendoza
921,5571,CHIVILCOY,Mendoza
922,5572,ALTO GRANDE,Mendoza
923,5573,COLONIA DELFINO,Mendoza
924,5575,ANDRADE,Mendoza
925,5577,EL ALTO,Mendoza
926,5579,BARRIO LENCINA,Mendoza
927,5582,ALBERTO FLORES,Mendoza
928,5584,BARRIO VILLA ADELA,Mendoza
929,5585,EL CIPRES,Mendoza
930,5587,BARCALA,Mendoza
931,5589,CHAPANAY,Mendoza
932,5590,ADRIAN MATURANO,Mendoza
933,5591,ALPATACAL,Mendoza
934,5592,EL CARBALINO,Mendoza
935,5594,ALTO CON ZAMPA,Mendoza
936,5595,CUPILES,Mendoza
937,5596,12 DE OCTUBRE,Mendoza
938,5598,BAÑADO VERDE,Mendoza
939,5600,AGUA DE LA MULA,Mendoza
940,5601,CAPITAN MONTOYA,Mendoza
941,5603,CAÑADA SECA,Mendoza
942,5605,CALLE LARGA VIEJA,Mendoza
943,5607,COLONIA BOMBAL Y TABANERA,Mendoza
944,5609,ARISTIDES VILLANUEVA,Mendoza
945,5611,AGUA RICA,Mendoza
946,5612,VALLE DE LAS LEÑAS,Not Found
947,5613,AGUA BOTADA,Mendoza
948,5615,25 DE MAYO,Mendoza
949,5620,EL JUNCALITO,Mendoza
950,5621,AGUA DE TORRE,La Pampa
951,5622,COLONIA JAUREGUI,Mendoza
952,5623,ATUEL SUD,Mendoza
953,5624,KILOMETRO 47,Mendoza
954,5632,COLONIA ALVEAR,Mendoza
955,5633,OCHENTA Y CUATRO,Not Found
956,5634,BOWEN,Mendoza
957,5636,FAVELLI,Mendoza
958,5637,30 DE OCTUBRE,San Luis
959,5645,EL CENIZO,Not Found
960,5700,ALTO BLANCO,San Luis
961,5701,11 DE MAYO,San Luis
962,5703,6 DE SEPTIEMBRE,San Luis
963,5705,AGUA HEDIONDA,San Luis
964,5707,AGUADITAS,San Luis
965,5709,BAÑADITO VIEJO,San Luis
966,5710,LA PUNTA,Not Found
967,5711,ANGELITA,San Luis
968,5713,BALDE AHUMADA,San Luis
969,5715,ARBOL VERDE,San Luis
970,5717,EL PIMPOLLO,La Rioja
971,5719,AGUA AMARGA,San Luis
972,5721,AGUA SEBALLE,San Luis
973,5722,ACASAPE,San Luis
974,5724,ALTO PENCOSO,San Luis
975,5730,20 DE FEBRERO,San Luis
976,5731,ALFALAND,San Luis
977,5733,CRAMER,San Luis
978,5734,LA RIBERA,Not Found
979,5735,COLONIA BELLA VISTA,San Luis
980,5736,COMANDANTE GRANVILLE,San Luis
981,5738,AVANZADA,San Luis
982,5741,13 DE ENERO,San Luis
983,5743,LA ISABEL,San Luis
984,5750,ALTO DE LA LEÑA,San Luis
985,5751,AGUA SALADA,San Luis
986,5753,AGUA LINDA,San Luis
987,5755,ALTO DEL MOLLE,San Luis
988,5757,SAN LORENZO,Not Found
989,5759,CALERA ARGENTINA,San Luis
990,5763,GENERAL URQUIZA,Not Found
991,5770,CHACRAS VIEJAS,San Luis
992,5771,ALANICES,San Luis
993,5773,CAÑADA,San Luis
994,5775,BAJO GRANDE,San Luis
995,5777,ADOLFO RODRIGUEZ SAA,San Luis
996,5779,LA CHILCA,Not Found
997,5831,9 DE JULIO,San Luis
998,5835,BELLA VISTA,San Luis
999,5871,LA AGUADA DE LAS ANIMAS,Córdoba
1000,5873,ISLA,Córdoba
1001,5881,CAÑADA LA NEGRA,San Luis
1002,5883,ALTO LINDO,San Luis
1003,6000,BARRIO CAROSIO,Buenos Aires
1004,6001,AGUSTIN ROCA,Buenos Aires
1005,6003,ASCENCION,Buenos Aires
1006,6005,ESTACION GENERAL ARENALES,Buenos Aires
1007,6007,ARRIBEÑOS,Buenos Aires
1008,6009,SAN MARCELO,Santa Fé
1009,6013,BAIGORRITA,Buenos Aires
1010,6015,CAMPO COLIQUEO,Buenos Aires
1011,6017,CHANCAY,Buenos Aires
1012,6018,COLONIA LOS BOSQUES,Buenos Aires
1013,6022,LA ORIENTAL,Buenos Aires
1014,6030,EDMUNDO PERKINS,Buenos Aires
1015,6031,DE BRUYN,Buenos Aires
1016,6032,BLANDENGUES,Buenos Aires
1017,6034,COLONIA ALBERDI,Buenos Aires
1018,6036,DIEGO DE ALVEAR,Santa Fé
1019,6042,DOS HERMANOS,Buenos Aires
1020,6050,CUARTEL VII,Buenos Aires
1021,6051,INGENIERO BALBIN,Buenos Aires
1022,6053,EL PEREGRINO,Buenos Aires
1023,6058,PAZOS KANKI,Buenos Aires
1024,6062,CORONEL GRANADA,Buenos Aires
1025,6063,PORVENIR,Not Found
1026,6064,EDUARDO COSTA,Buenos Aires
1027,6065,BLAQUIER,Not Found
1028,6070,BALSA,Buenos Aires
1029,6071,BERMUDEZ,Buenos Aires
1030,6073,EL TRIUNFO,Buenos Aires
1031,6075,ARENAZA,Buenos Aires
1032,6077,ENCINA,Buenos Aires
1033,6078,BAYAUCA,Not Found
1034,6100,LA INES,Santa Fé
1035,6101,VILLA SABOYA,Córdoba
1036,6103,AMENABAR,Santa Fé
1037,6105,CAÑADA SECA,Buenos Aires
1038,6106,AARON CASTELLANOS,Santa Fé
1039,6200,REALICO,Not Found
1040,6201,CHANILAO,Not Found
1041,6203,EL OLIVO,La Pampa
1042,6205,EL GUANACO,La Pampa
1043,6207,ALTA ITALIA,La Pampa
1044,6212,ADOLFO VAN PRAET,La Pampa
1045,6213,LOTE 11 ESCUELA 107,La Pampa
1046,6214,CASIMIRO GOMEZ,San Luis
1047,6216,BAGUAL,San Luis
1048,6220,BERNARDO LARROUDE,La Pampa
1049,6221,CEBALLOS,La Pampa
1050,6223,CORONEL CHARLONE,Buenos Aires
1051,6228,AGUAS BUENAS,La Pampa
1052,6230,FRANCISCO CASAL,Buenos Aires
1053,6231,CUENCA,Buenos Aires
1054,6233,CONDARCO,Buenos Aires
1055,6235,VILLA SAUCE,Not Found
1056,6237,AMERICA,Buenos Aires
1057,6239,GONZALEZ MORENO,Buenos Aires
1058,6241,EL DIA,Buenos Aires
1059,6242,DRABBLE,Buenos Aires
1060,6244,BANDERALO,Not Found
1061,6269,LA COLINA,Not Found
1062,6277,BUENA ESPERANZA,San Luis
1063,6279,BATAVIA,San Luis
1064,6300,BARRANCAS COLORADAS,La Pampa
1065,6301,ATALIVA ROCA,La Pampa
1066,6303,CACHIRULO,La Pampa
1067,6305,ATREUCO,La Pampa
1068,6307,COLONIA LA ORACION,La Pampa
1069,6309,ALPACHIRI,La Pampa
1070,6311,CAMPO DE LOS TOROS,La Pampa
1071,6312,RICARDO LAVALLE,Not Found
1072,6313,BAJO DE LAS PALOMAS,La Pampa
1073,6315,COLONIA BARON,La Pampa
1074,6317,LA FLORENCIA,La Pampa
1075,6319,CARRO QUEMADO,La Pampa
1076,6321,CAICHUE,La Pampa
1077,6323,ALGARROBO DEL AGUILA,La Pampa
1078,6325,COLONIA DEVOTO,La Pampa
1079,6326,ANGUIL,La Pampa
1080,6330,ARTURO ALMARAZ,La Pampa
1081,6331,COLONIA BEAUFORT,La Pampa
1082,6333,ALFREDO PEÑA,La Pampa
1083,6335,GRACIARENA,Buenos Aires
1084,6337,INGENIERO THOMPSON,Buenos Aires
1085,6338,LEUBUCO,Not Found
1086,6339,CAILOMUTA,Buenos Aires
1087,6341,CHAPI TALO,Buenos Aires
1088,6343,LOS GAUCHOS,Buenos Aires
1089,6345,LA BILBAINA,Not Found
1090,6346,PELLEGRINI,Not Found
1091,6348,BOCAYUBA,Buenos Aires
1092,6352,COLONIA LA INDIA,La Pampa
1093,6354,COLONIA LA GAVIOTA,La Pampa
1094,6360,BARRIO EL MOLINO,La Pampa
1095,6361,AGUSTONI,La Pampa
1096,6365,AZTEAZU,La Pampa
1097,6367,ARGENTINA BELVEDERE,La Pampa
1098,6369,CAMPO SALUSSO,La Pampa
1099,6380,BOEUF,La Pampa
1100,6381,CAMPO CARETTO,La Pampa
1101,6383,CAMPO MOISES SECCION 1A,La Pampa
1102,6385,ARATA,La Pampa
1103,6387,CALEUFU,La Pampa
1104,6389,ALEGRIA,San Luis
1105,6400,BARRIO INDIO TROMPA,Buenos Aires
1106,6401,SUNDBLAD,Buenos Aires
1107,6403,BADANO,Buenos Aires
1108,6405,30 DE AGOSTO,Buenos Aires
1109,6407,GIRODIAS,Buenos Aires
1110,6409,JOSE MARIA BLANCO,Buenos Aires
1111,6411,BRAVO DEL DOS,Buenos Aires
1112,6417,CASBAS,Buenos Aires
1113,6422,PRIMERA JUNTA,Not Found
1114,6424,BERUTI,Buenos Aires
1115,6430,ADOLFO ALSINA,Buenos Aires
1116,6431,ESTACION LAGO EPECUEN,Buenos Aires
1117,6433,ARTURO VATTEONE,Not Found
1118,6434,PALANTELEN,Not Found
1119,6435,GUAMINI,Buenos Aires
1120,6437,ALAMOS,Buenos Aires
1121,6438,MASUREL,Not Found
1122,6439,BONIFACIO,Buenos Aires
1123,6441,COLONIA BARON HIRSCH,Buenos Aires
1124,6443,ARANO,Buenos Aires
1125,6450,ABEL,Buenos Aires
1126,6451,ANCON,Buenos Aires
1127,6453,CARLOS SALAS,Buenos Aires
1128,6455,CARLOS TEJEDOR,Buenos Aires
1129,6457,INGENIERO BEAUGEY,Buenos Aires
1130,6459,COLONIA SERE,Buenos Aires
1131,6461,CAPITAN CASTRO,Buenos Aires
1132,6463,ALAGON,Buenos Aires
1133,6465,CORACEROS,Buenos Aires
1134,6467,EL TRIO,Buenos Aires
1135,6469,ASTURIAS,Buenos Aires
1136,6471,ATAHUALPA,Buenos Aires
1137,6472,FRANCISCO MADERO,Buenos Aires
1138,6474,CAMPO ARISTIMUÑO,Buenos Aires
1139,6475,ESTEBAN DE LUCA,Buenos Aires
1140,6476,CHICLANA,Buenos Aires
1141,6500,9 DE JULIO,Buenos Aires
1142,6501,12 DE OCTUBRE,Buenos Aires
1143,6503,DESVIO KILOMETRO 234,Buenos Aires
1144,6505,DUDIGNAC,Not Found
1145,6507,CORBETT,Buenos Aires
1146,6509,DEL VALLE,Buenos Aires
1147,6511,HALE,Buenos Aires
1148,6513,COLONIA LAS YESCAS,Buenos Aires
1149,6515,CARLOS MARIA NAON,Buenos Aires
1150,6516,AMALIA,Buenos Aires
1151,6530,CARLOS CASARES,Buenos Aires
1152,6531,ALGARROBO,Buenos Aires
1153,6533,ALFREDO DEMARCHI,Buenos Aires
1154,6535,BELLOCQ,Buenos Aires
1155,6537,EL CAMOATI,Buenos Aires
1156,6538,LA DORITA,Buenos Aires
1157,6550,BOLIVAR,Buenos Aires
1158,6551,JUAN F IBARRA,Buenos Aires
1159,6553,LA TORRECITA,Buenos Aires
1160,6555,ALFALAD,Buenos Aires
1161,6557,ARBOLEDA,Buenos Aires
1162,6559,RECALDE,Not Found
1163,6561,BLANCA GRANDE,Buenos Aires
1164,6600,KILOMETRO 125,Buenos Aires
1165,6601,ALTAMIRA,Buenos Aires
1166,6603,INGENIERO WILLIAMS,Buenos Aires
1167,6605,CAMPO PEÑA LOPEZ,Buenos Aires
1168,6607,ANASAGASTI,Buenos Aires
1169,6608,AGOTE,Buenos Aires
1170,6612,CAPDEPONT,Buenos Aires
1171,6614,FRANKLIN,Buenos Aires
1172,6616,CASTILLA,Buenos Aires
1173,6620,CHIVILCOY,Buenos Aires
1174,6621,ANDERSON,Buenos Aires
1175,6623,INDACOCHEA,Buenos Aires
1176,6625,CAÑADA LA RICA,Buenos Aires
1177,6627,ACHUPALLAS,Buenos Aires
1178,6628,COLONIA ZAMBUNGO,Buenos Aires
1179,6632,BENITEZ,Buenos Aires
1180,6634,ALBERTI,Buenos Aires
1181,6640,ASAMBLEA,Buenos Aires
1182,6641,COMODORO PY,Not Found
1183,6643,ARAUJO,Buenos Aires
1184,6645,LA LIMPIA,Buenos Aires
1185,6646,COLONIA SAN EDUARDO,Buenos Aires
1186,6648,MECHA,Buenos Aires
1187,6651,INGENIERO DE MADRID,Not Found
1188,6652,OLASCOAGA,Not Found
1189,6660,25 DE MAYO,Buenos Aires
1190,6661,BLAS DURAÑONA,Buenos Aires
1191,6663,JUAN VELA,Buenos Aires
1192,6665,ERNESTINA,Buenos Aires
1193,6667,AGUSTIN MOSCONI,Buenos Aires
1194,6700,CAMINERA LUJAN,Buenos Aires
1195,6701,CARLOS KEEN,Not Found
1196,6703,ALASTUEY,Buenos Aires
1197,6705,VILLA RUIZ,Not Found
1198,6706,EST JAUREGUI VA FLANDRIA,Buenos Aires
1199,6708,COLONIA NAC DE ALIENADOS,Buenos Aires
1200,6712,CORTINES,Buenos Aires
1201,6720,KILOMETRO 125,Buenos Aires
1202,6721,AZCUENAGA,Buenos Aires
1203,6723,CUCULLU,Buenos Aires
1204,6725,CARMEN DE ARECO,Buenos Aires
1205,6727,GOUIN,Buenos Aires
1206,6734,RAWSON,Buenos Aires
1207,6740,CHACABUCO,Buenos Aires
1208,6743,COLIQUEO,Buenos Aires
1209,6746,CUCHA CUCHA,Not Found
1210,6748,MEMBRILLAR,Buenos Aires
1211,7000,CANTERA AGUIRRE,Buenos Aires
1212,7001,LA PASTORA,Not Found
1213,7003,ACEILAN,Buenos Aires
1214,7005,BARKER,Buenos Aires
1215,7007,CAMINERA NAPALEOFU,Buenos Aires
1216,7009,IRAOLA,Buenos Aires
1217,7011,ANEQUE GRANDE,Buenos Aires
1218,7013,DE LA CANAL,Buenos Aires
1219,7020,BENITO JUAREZ,Buenos Aires
1220,7021,ALZAGA,Buenos Aires
1221,7100,DOLORES,Buenos Aires
1222,7101,CERRO DE LA GLORIA CANAL 15,Buenos Aires
1223,7103,FARO SAN ANTONIO,Buenos Aires
1224,7105,SAN CLEMENTE DEL TUYU,Not Found
1225,7106,LAS TONINAS,Not Found
1226,7107,SANTA TERESITA,Not Found
1227,7108,COSTA DEL ESTE,Buenos Aires
1228,7109,BARRIO PEDRO ROCCO,Buenos Aires
1229,7110,CUARTEL IV,Buenos Aires
1230,7111,SAN BERNARDO DEL TUYU,Not Found
1231,7112,AGUAS VERDES,Buenos Aires
1232,7113,LA LUCILA DEL MAR,Buenos Aires
1233,7114,CANAL 15 CERRO DE LA GLORIA,Buenos Aires
1234,7116,CAMARON CHICO,Buenos Aires
1235,7118,GENERAL GUIDO,Buenos Aires
1236,7119,CARI LARQUEA,Buenos Aires
1237,7130,CAMINERA SAMBOROMBON,Buenos Aires
1238,7135,COMANDANTE GIRIBONE,Buenos Aires
1239,7136,ADELA,Buenos Aires
1240,7150,AYACUCHO,Buenos Aires
1241,7151,LANGUEYU,Buenos Aires
1242,7153,CANGALLO,Buenos Aires
1243,7160,LA UNION,Buenos Aires
1244,7161,LABARDEN,Not Found
1245,7163,CLAVERIE,Buenos Aires
1246,7165,FARO QUERANDI,Buenos Aires
1247,7167,CARILO,Buenos Aires
1248,7169,JUANCHO,Buenos Aires
1249,7172,COLONIA FERRARI,Buenos Aires
1250,7174,ARROYO GRANDE,Buenos Aires
1251,7200,EL GUALICHO,Buenos Aires
1252,7201,COLMAN,Buenos Aires
1253,7203,CHAPALEUFU,Buenos Aires
1254,7205,LA ESPERANZA ROSAS LAS FLORES,Buenos Aires
1255,7207,EL TRIGO,Buenos Aires
1256,7208,CORONEL BOERR,Buenos Aires
1257,7212,DOCTOR DOMINGO HAROSTEGUY,Buenos Aires
1258,7214,CACHARI,Buenos Aires
1259,7220,FUNKE,Buenos Aires
1260,7221,FRANCISCO BERRA,Buenos Aires
1261,7223,BONNEMENT,Buenos Aires
1262,7225,CASALINS,Buenos Aires
1263,7226,GORCHS,Buenos Aires
1264,7228,ABBOTT,Not Found
1265,7240,KILOMETRO 112,Buenos Aires
1266,7241,LA PORTEÑA,Buenos Aires
1267,7243,ANTONIO CARBONI,Buenos Aires
1268,7245,CAMPO SABATE,Buenos Aires
1269,7247,BARRIENTOS,Buenos Aires
1270,7249,EL ARAZA,Buenos Aires
1271,7260,BARRIO VILLA SALADILLO,Buenos Aires
1272,7261,SALADILLO NORTE,Buenos Aires
1273,7263,EL CHUMBEAU,Buenos Aires
1274,7265,CAZON,Buenos Aires
1275,7267,ALVAREZ DE TOLEDO,Buenos Aires
1276,7300,AZUL,Buenos Aires
1277,7301,ARIEL,Buenos Aires
1278,7303,ALTONA,Buenos Aires
1279,7305,ANTONIO DE LOS HEROS,Buenos Aires
1280,7307,CROTTO,Buenos Aires
1281,7311,CHILLAR,Buenos Aires
1282,7313,16 DE JULIO,Buenos Aires
1283,7316,FORTIN IRENE,Buenos Aires
1284,7318,COLONIA HINOJO,Buenos Aires
1285,7400,BARRIO LA LUISA,Buenos Aires
1286,7401,CANTERAS DE GREGORINI,Buenos Aires
1287,7403,ALVARO BARROS,Buenos Aires
1288,7404,FORTIN LAVALLE,Buenos Aires
1289,7406,ALDECON,Buenos Aires
1290,7407,LIBANO,Not Found
1291,7408,LA COLINA,Not Found
1292,7412,LAS HERMANAS,Buenos Aires
1293,7414,LAPRIDA,Buenos Aires
1294,7500,EL CARRETERO,Buenos Aires
1295,7501,INDIO RICO,Not Found
1296,7503,CRISTIANO MUERTO,Buenos Aires
1297,7505,BALNEARIO CLAROMECO,Buenos Aires
1298,7507,EL BOMBERO,Buenos Aires
1299,7509,ORIENTE,Not Found
1300,7511,BALNEARIO OCEANO,Buenos Aires
1301,7513,ADOLFO GONZALES CHAVES,Buenos Aires
1302,7515,CLAUDIO C MOLINA,Buenos Aires
1303,7517,JUAN E BARRA,Buenos Aires
1304,7519,SAN MAYOL,Buenos Aires
1305,7521,DEFERRARI,Buenos Aires
1306,7530,CORONEL PRINGLES,Buenos Aires
1307,7531,DESPEÑADEROS,Buenos Aires
1308,7533,QUIÑIHUAL ESTACION,Not Found
1309,7535,PONTAUT,Not Found
1310,7536,ESTACION CORONEL PRINGLES,Buenos Aires
1311,7540,BATHURST ESTACION,Buenos Aires
1312,7541,D ORBIGNY,Buenos Aires
1313,7543,LA PRIMAVERA,Not Found
1314,7545,HUANGUELEN,Buenos Aires
1315,7547,CASCADA,Buenos Aires
1316,7548,CURA MALAL,Not Found
1317,7600,BARRIO EMIR RAMON JUAREZ,Buenos Aires
1318,7601,BARRIO BATAN,Buenos Aires
1319,7603,COMANDANTE NICANOR OTAMENDI,Buenos Aires
1320,7605,BARRIO CHAPADMALAL,Buenos Aires
1321,7607,BALNEARIO ATLANTIDA,Buenos Aires
1322,7609,BALNEARIO LA CALETA,Buenos Aires
1323,7612,CAMET,Buenos Aires
1324,7613,CALFUCURA,Buenos Aires
1325,7620,BALCARCE,Buenos Aires
1326,7621,LA SARA,Buenos Aires
1327,7623,CAMPO LA PLATA,Buenos Aires
1328,7630,HOSPITAL NECOCHEA,Buenos Aires
1329,7631,COSTA BONITA BALNEARIO,Buenos Aires
1330,7633,MAORI,Buenos Aires
1331,7635,EL LENGUARAZ,Buenos Aires
1332,7637,LA DULCE,Buenos Aires
1333,7639,COOPER,Buenos Aires
1334,7641,BALNEARIO LOS ANGELES,Buenos Aires
1335,8000,ADELA CORTI,Buenos Aires
1336,8101,CALDERON,Buenos Aires
1337,8103,GARRO,Buenos Aires
1338,8105,AGUARA,Buenos Aires
1339,8107,BASE AERONAVAL CMTE ESPORA,Buenos Aires
1340,8109,ALMIRANTE SOLIER,Buenos Aires
1341,8111,ARROYO PAREJA,Buenos Aires
1342,8113,BATERIAS,Not Found
1343,8115,BAJO HONDO,Buenos Aires
1344,8117,ALFEREZ SAN MARTIN,Buenos Aires
1345,8118,CABILDO,Buenos Aires
1346,8122,LA VITICOLA,Not Found
1347,8124,BERRAONDO,Buenos Aires
1348,8126,ALDEA SAN ANDRES,Buenos Aires
1349,8127,ESTELA,Buenos Aires
1350,8129,17 DE AGOSTO,Buenos Aires
1351,8132,BALNEARIO CHAPALCO,Buenos Aires
1352,8133,LA ROSA,Not Found
1353,8134,ARGERICH,Río Negro
1354,8136,ALGARROBO,Buenos Aires
1355,8138,ANZOATEGUI,La Pampa
1356,8142,COLONIA BARGA,Buenos Aires
1357,8144,COLONIA MONTE LA PLATA,Buenos Aires
1358,8146,EL RINCON,Buenos Aires
1359,8148,ESTANCIA LAS ISLETAS,Buenos Aires
1360,8150,CAMPO LA LIMA,Buenos Aires
1361,8151,EL ZORRO,Buenos Aires
1362,8153,BALNEARIO ORIENTE,Buenos Aires
1363,8154,CALVO,Buenos Aires
1364,8156,EL PERDIDO EST JOSE GUISASOLA,Not Found
1365,8158,APARICIO,Buenos Aires
1366,8160,FORTIN CHACO,Buenos Aires
1367,8162,GARCIA DEL RIO,Buenos Aires
1368,8164,ARQUEDAS,Buenos Aires
1369,8166,SALDUNGARAY,Not Found
1370,8168,SIERRA DE LA VENTANA,Not Found
1371,8170,ABRA DE HINOJO,Buenos Aires
1372,8171,ESPARTILLAR,Not Found
1373,8172,ARROYO CORTO,Not Found
1374,8174,ARROYO AGUAS BLANCAS,Buenos Aires
1375,8175,GOYENA,Not Found
1376,8180,COLONIA DR GDOR UDAONDO,Buenos Aires
1377,8181,AZOPARDO,Buenos Aires
1378,8183,AVESTRUZ,Buenos Aires
1379,8185,CAMPO DEL NORTE AMERICANO,Buenos Aires
1380,8187,BORDENAVE,Buenos Aires
1381,8200,COLONIA LIA Y ALLENDE,La Pampa
1382,8201,25 DE MAYO,La Pampa
1383,8203,LA CHIRLANDIA,La Pampa
1384,8204,BERNASCONI,La Pampa
1385,8206,COLONIA ESPAÑA,La Pampa
1386,8208,CAMPO CICARE,La Pampa
1387,8212,ABRAMO,La Pampa
1388,8214,COLONIA CAZAUX,La Pampa
1389,8300,LAS PERLAS,Neuquén
1390,8301,PLANICIE BANDERITA,Río Negro
1391,8303,CINCO SALTOS,Not Found
1392,8305,AGUADA SAN ROQUE,Neuquén
1393,8307,COLONIA GOBERNADOR AYALA,Río Negro
1394,8308,VILLA MANZANO,Not Found
1395,8309,CENTENARIO,Neuquén
1396,8311,VILLA EL CHOCON,Not Found
1397,8313,ARROYITO,Neuquén
1398,8315,ACHICO,Neuquén
1399,8316,BALSA SENILLOSA,Neuquén
1400,8318,CHALLACO,Neuquén
1401,8319,CAMPAMENTO SOL,Neuquén
1402,8322,CUTRAL CO,Neuquén
1403,8324,CIPOLLETTI,Río Negro
1404,8326,CERVANTES,Río Negro
1405,8328,ALLEN,Río Negro
1406,8332,COLONIA RUSA,Río Negro
1407,8333,AGUADA GUZMAN,Río Negro
1408,8334,INGENIERO HUERGO,Not Found
1409,8336,GOBERNADOR DUVAL,Río Negro
1410,8340,AGUADA FLORENCIO,Neuquén
1411,8341,ARROYO QUILLEN,Neuquén
1412,8345,ALUMINE,Neuquén
1413,8347,ARROYO CAHUNCO,Neuquén
1414,8349,AGUAS DE LAS MULAS,Neuquén
1415,8351,AGRIO BALSA,Neuquén
1416,8353,AGUADA CHACAY CO,Neuquén
1417,8360,BUENA ESPERANZA,Río Negro
1418,8361,ISLA GRANDE,Río Negro
1419,8363,COLONIA JOSEFA,Río Negro
1420,8364,CHIMPAY,Río Negro
1421,8366,CHELFORO,Not Found
1422,8370,CAMINERA,Neuquén
1423,8371,ATREUCO,Neuquén
1424,8373,ALIANZA,Neuquén
1425,8375,CAÑADON DE LOS INDIOS,Neuquén
1426,8379,GENTE GRANDE,Not Found
1427,8400,ISLA VICTORIA,Río Negro
1428,8401,CULLIN MANZANO,Río Negro
1429,8402,DINA HUAPI,Not Found
1430,8403,ALICURA,Neuquén
1431,8407,CORRENTOSO,Neuquén
1432,8409,PUERTO OJO DE AGUA,Río Negro
1433,8411,CASCADA LOS CANTAROS,Río Negro
1434,8412,CAÑADON DEL CORRAL,Río Negro
1435,8415,ARROYO LAS MINAS,Río Negro
1436,8416,ANECON GRANDE,Río Negro
1437,8417,CAÑADON CHILENO,Río Negro
1438,8418,ANECON CHICO,Río Negro
1439,8422,AGUADA DE PIEDRA,Río Negro
1440,8424,AGUADA DE GUERRA,Río Negro
1441,8430,COSTA DEL RIO AZUL,Chubut
1442,8431,EL HOYO,Chubut
1443,8500,EL DIQUE,Río Negro
1444,8501,BAHIA CREEK,Río Negro
1445,8503,CHOCORI,Río Negro
1446,8504,CANTERA VILLALONGA,Buenos Aires
1447,8505,EMILIO LAMARCA,Río Negro
1448,8506,BAHIA SAN BLAS,Buenos Aires
1449,8508,AMBROSIO P LEZICA,Buenos Aires
1450,8512,IGARZABAL,Buenos Aires
1451,8514,LAGUNA DEL BARRO,Río Negro
1452,8520,AGUADA DEL LORO,Río Negro
1453,8521,ARROYO DE LA VENTANA,Río Negro
1454,8532,ARROYO SALADO,Río Negro
1455,8534,AGUADA CECILIO,Río Negro
1456,8536,CHIPAUQUIL,Río Negro
1457,9000,COMODORO RIVADAVIA,Chubut
1458,9001,CAÑADON FERRAIS,Chubut
1459,9003,BAHIA SOLANO,Chubut
1460,9007,EL JAGUEL,Chubut
1461,9009,CAÑADON LAGARTO,Chubut
1462,9011,BAHIA LANGARA,Santa Cruz
1463,9013,CAÑADON SECO,Not Found
1464,9015,ALMA GRANDE,Santa Cruz
1465,9017,CAMERON,Santa Cruz
1466,9019,AGUADA ESCONDIDA,Santa Cruz
1467,9020,ARROYO QUILLA,Chubut
1468,9021,COLHUE HUAPI,Not Found
1469,9023,BUEN PASTO,Chubut
1470,9030,RIO MAYO,Not Found
1471,9031,BAJO LA CANCHA,Chubut
1472,9033,ALDEA APELEG,Chubut
1473,9035,ARROYO CHALIA,Chubut
1474,9037,ALDEA BELEIRO,Chubut
1475,9039,HITO 45,Chubut
1476,9040,CAÑADON BOTELLO,Santa Cruz
1477,9041,LOS ANTIGUOS,Not Found
1478,9050,GOBERNADOR MOYANO,Santa Cruz
1479,9051,AGUADA A PIQUE,Santa Cruz
1480,9053,AGUADA GRANDE,Santa Cruz
1481,9100,CERRO SANTA ANA,Chubut
1482,9101,ALTO DE LAS PLUMAS,Chubut
1483,9103,BAJO DE LOS HUESOS,Chubut
1484,9105,ANGOSTURA,Chubut
1485,9107,28 DE JULIO,Chubut
1486,9111,BAHIA BUSTAMANTE,Chubut
1487,9113,FLORENTINO AMEGHINO,Not Found
1488,9120,BAHIA CRACHER,Chubut
1489,9121,AGUADA DE LAS TEJAS,Chubut
1490,9200,ARROYO PESCADO,Chubut
1491,9201,CACHEL,Chubut
1492,9203,ALDEA ESCOLAR,Chubut
1493,9207,ARROYO GUILAIA,Chubut
1494,9210,CUESTA DEL TERNERO,Chubut
1495,9211,CUSHAMEN,Chubut
1496,9213,CAÑADON CALIENTE,Chubut
1497,9217,CHOLILA,Chubut
1498,9220,CAÑADON LA MADERA,Chubut
1499,9221,VALLE HONDO,Not Found
1500,9223,ALTO RIO PICO,Chubut
1501,9225,ARENOSO,Chubut
1502,9227,EL PORVENIR,Chubut
1503,9300,CAÑADON DE LAS VACAS,Santa Cruz
1504,9301,EL CHALTEN,Santa Cruz
1505,9303,CAÑADON DEL TORO,Santa Cruz
1506,9305,CAÑADA DE LAS VACAS,Not Found
1507,9310,AGUADA ALEGRE,Santa Cruz
1508,9311,CAÑADON LEON,Santa Cruz
1509,9313,CARA MALA,Santa Cruz
1510,9315,BAJO CARACOLES,Santa Cruz
1511,9400,AN AIKE,Santa Cruz
1512,9401,EL ZURDO,Santa Cruz
1513,9405,BAHIA TRANQUILA,Santa Cruz
1514,9407,28 DE NOVIEMBRE,Santa Cruz
1515,9409,ISLA GRAN MALVINA,Tierra del Fuego
1516,9410,BAHIA LAPATAIA,Tierra del Fuego
1517,9411,BASE AEREA TENIENTE MATIENZO,Tierra del Fuego
1518,9420,ASERRADERO ARROYO,Tierra del Fuego
1519,9421,FRIGORIFICO CAP,Not Found
